{"cameraMode":{"drawMode":0,"name":"Shaded","section":"Shading Mode"},"sceneLighting":false,"audioPlay":false,"sceneViewState":{"m_AlwaysRefresh":false,"showFog":true,"showSkybox":false,"showFlares":false,"showImageEffects":false,"showParticleSystems":false,"showVisualEffectGraphs":true,"m_FxEnabled":true},"in2DMode":false,"pivot":{"x":-0.09623183310031891,"y":0.41478949785232546,"z":0.019740663468837739},"rotation":{"x":-0.051974717527627948,"y":0.944592297077179,"z":-0.18391506373882295,"w":-0.2669104039669037},"size":1.207395076751709,"orthographic":false}