{"cameraMode":{"drawMode":0,"name":"Shaded","section":"Shading Mode"},"sceneLighting":true,"audioPlay":false,"sceneViewState":{"m_AlwaysRefresh":false,"showFog":true,"showSkybox":true,"showFlares":false,"showImageEffects":true,"showParticleSystems":false,"showVisualEffectGraphs":true,"m_FxEnabled":true},"in2DMode":false,"pivot":{"x":-13.698583602905274,"y":1.2954683303833008,"z":16.502511978149415},"rotation":{"x":0.03478115424513817,"y":0.8613175749778748,"z":-0.05953221395611763,"w":0.5034059286117554},"size":2.205418348312378,"orthographic":false}