{"cameraMode":{"drawMode":0,"name":"Shaded","section":"Shading Mode"},"sceneLighting":true,"audioPlay":false,"sceneViewState":{"m_AlwaysRefresh":false,"showFog":false,"showSkybox":true,"showFlares":false,"showImageEffects":false,"showParticleSystems":false,"showVisualEffectGraphs":true,"m_FxEnabled":true},"in2DMode":false,"pivot":{"x":-16.189434051513673,"y":1.5441834926605225,"z":14.870157241821289},"rotation":{"x":-0.12413284927606583,"y":0.7701056599617004,"z":-0.15787366032600404,"w":-0.6055365800857544},"size":0.5999830961227417,"orthographic":false}