{"cameraMode":{"drawMode":0,"name":"Shaded","section":"Shading Mode"},"sceneLighting":true,"audioPlay":false,"sceneViewState":{"m_AlwaysRefresh":false,"showFog":true,"showSkybox":true,"showFlares":false,"showImageEffects":false,"showParticleSystems":true,"showVisualEffectGraphs":true,"m_FxEnabled":true},"in2DMode":false,"pivot":{"x":-4.0705952644348148,"y":1.5791285037994385,"z":16.86274528503418},"rotation":{"x":0.012797837145626545,"y":-0.9833463430404663,"z":0.16434653103351594,"w":0.07657290995121002},"size":5.8311662673950199,"orthographic":false}