{"cameraMode":{"drawMode":0,"name":"Shaded","section":"Shading Mode"},"sceneLighting":true,"audioPlay":false,"sceneViewState":{"m_AlwaysRefresh":false,"showFog":true,"showSkybox":true,"showFlares":false,"showImageEffects":true,"showParticleSystems":false,"showVisualEffectGraphs":true,"m_FxEnabled":true},"in2DMode":false,"pivot":{"x":-0.8888635635375977,"y":-56.004371643066409,"z":18.86288833618164},"rotation":{"x":0.3816487193107605,"y":0.14658783376216889,"z":-0.06145336478948593,"w":0.9105464220046997},"size":10.946479797363282,"orthographic":false}