{"cameraMode":{"drawMode":0,"name":"Shaded","section":"Shading Mode"},"sceneLighting":true,"audioPlay":false,"sceneViewState":{"m_AlwaysRefresh":false,"showFog":true,"showSkybox":true,"showFlares":false,"showImageEffects":false,"showParticleSystems":false,"showVisualEffectGraphs":true,"m_FxEnabled":true},"in2DMode":false,"pivot":{"x":12.872516632080079,"y":6.094703674316406,"z":17.74773406982422},"rotation":{"x":-0.0024398115929216148,"y":-0.9779039621353149,"z":0.2087394744157791,"w":-0.01142862904816866},"size":11.611953735351563,"orthographic":false}