{"cameraMode":{"drawMode":0,"name":"Shaded","section":"Shading Mode"},"sceneLighting":false,"audioPlay":false,"sceneViewState":{"m_AlwaysRefresh":false,"showFog":true,"showSkybox":false,"showFlares":false,"showImageEffects":false,"showParticleSystems":false,"showVisualEffectGraphs":true,"m_FxEnabled":true},"in2DMode":false,"pivot":{"x":0.049648940563201907,"y":-0.1231471598148346,"z":-5.587935447692871e-9},"rotation":{"x":-0.051974717527627948,"y":0.944592297077179,"z":-0.18391506373882295,"w":-0.2669104039669037},"size":0.26133865118026736,"orthographic":false}