{"cameraMode":{"drawMode":0,"name":"Shaded","section":"Shading Mode"},"sceneLighting":false,"audioPlay":false,"sceneViewState":{"m_AlwaysRefresh":false,"showFog":true,"showSkybox":false,"showFlares":false,"showImageEffects":false,"showParticleSystems":false,"showVisualEffectGraphs":true,"m_FxEnabled":true},"in2DMode":false,"pivot":{"x":0.08690452575683594,"y":-0.31380176544189455,"z":-0.07655590772628784},"rotation":{"x":0.01906076818704605,"y":0.5482926964759827,"z":-0.01250592153519392,"w":0.8359885215759277},"size":1.8552777767181397,"orthographic":false}