{"cameraMode":{"drawMode":0,"name":"Shaded","section":"Shading Mode"},"sceneLighting":false,"audioPlay":false,"sceneViewState":{"m_AlwaysRefresh":false,"showFog":true,"showSkybox":false,"showFlares":false,"showImageEffects":false,"showParticleSystems":false,"showVisualEffectGraphs":true,"m_FxEnabled":true},"in2DMode":false,"pivot":{"x":-4.534191131591797,"y":2.696148633956909,"z":1.1834825277328492},"rotation":{"x":0.002872529672458768,"y":-0.9903205037117004,"z":0.13723552227020265,"w":0.020798394456505777},"size":1.2853267192840577,"orthographic":false}