{"cameraMode":{"drawMode":0,"name":"Shaded","section":"Shading Mode"},"sceneLighting":false,"audioPlay":false,"sceneViewState":{"m_AlwaysRefresh":false,"showFog":true,"showSkybox":false,"showFlares":false,"showImageEffects":false,"showParticleSystems":false,"showVisualEffectGraphs":true,"m_FxEnabled":true},"in2DMode":false,"pivot":{"x":-0.20780831575393678,"y":-0.007145339623093605,"z":0.010627686977386475},"rotation":{"x":-0.019765984266996385,"y":-0.05847162380814552,"z":-0.001160442247055471,"w":0.9981021285057068},"size":0.014206409454345703,"orthographic":false}