{"cameraMode":{"drawMode":0,"name":"Shaded","section":"Shading Mode"},"sceneLighting":false,"audioPlay":false,"sceneViewState":{"m_AlwaysRefresh":false,"showFog":true,"showSkybox":false,"showFlares":false,"showImageEffects":false,"showParticleSystems":false,"showVisualEffectGraphs":true,"m_FxEnabled":true},"in2DMode":false,"pivot":{"x":-3.748573362827301e-8,"y":0.00038786139339208603,"z":-4.0279701352119449e-8},"rotation":{"x":-0.019765984266996385,"y":-0.05847162380814552,"z":-0.001160442247055471,"w":0.9981021285057068},"size":0.01420629769563675,"orthographic":false}