{"cameraMode":{"drawMode":0,"name":"Shaded","section":"Shading Mode"},"sceneLighting":false,"audioPlay":false,"sceneViewState":{"m_AlwaysRefresh":false,"showFog":true,"showSkybox":false,"showFlares":false,"showImageEffects":false,"showParticleSystems":false,"showVisualEffectGraphs":true,"m_FxEnabled":true},"in2DMode":false,"pivot":{"x":-0.0006048530340194702,"y":-2.980232238769531e-7,"z":0.0028308629989624025},"rotation":{"x":0.21285371482372285,"y":-0.10239629447460175,"z":0.02243061736226082,"w":0.971454918384552},"size":0.7254500985145569,"orthographic":false}